Workbook

Sheet 0
A1: 育聖文理短期補習班 115年1月份出勤考核總表
A2: 職稱 | B2: 中文 姓名 | C2: 日期 | D2: 請假 | I2: 遲到 | K2: 津貼 | M2: 備註
D3: 事假 | E3: 病假 | F3: 休假 | H3: 其它 | I3: 次 | J3: 分 | K3: 單週六 | L3: 活動
D4: 時間 | E4: 時間 | F4: 補休(-) /加班、特休(+) (天) | G4: 剩餘hr | H4: 時數 | K4: 值班
D5: 時間計算 | M5: 115年1月起基本薪資196元/HR
C6: 扣勞保自付額 | H6: =E6-D6 -> 0
H7: =E7-D7 -> 0 | L7: =190*H7 -> 0
H8: =E8-D8 -> 0 | L8: =190*H8 -> 0
H9: =E9-D9 -> 0 | L9: =183*H9 -> 0
H10: =E10-D10 -> 0 | L10: =183*H10 -> 0
H11: =E11-D11 -> 0 | L11: =183*H11 -> 0
H12: =E12-D12 -> 0 | L12: =183*H12 -> 0
H13: =E13-D13 -> 0 | L13: =183*H13 -> 0
H14: =E14-D14 -> 0 | L14: =183*H14 -> 0
H15: =E15-D15 -> 0 | L15: =183*H15 -> 0
H16: =E16-D16 -> 0 | L16: =183*H16 -> 0
H17: =E17-D17 -> 0 | L17: =183*H17 -> 0
H18: =E18-D18 -> 0 | L18: =183*H18 -> 0
H19: =E19-D19 -> 0 | L19: =183*H19 -> 0
H20: =E20-D20 -> 0 | L20: =183*H20 -> 0
... H24: =E24-D24 -> 0 | L24: =183*H24 -> 0
H25: =E25-D25 -> 0 | L25: =176*H25 -> 0
C26: 總計 | D26: 特補休 | H26: =SUM(H7:H25) -> 0 | L26: =SUM(L6:L25) -> 0
L27: 結算後 | M27: =SUM(L6:L25) -> 0
A28: PS. 1.補休、加班及特休請於備註欄詳載情況。 2.活動請詳述發放津貼或加班休假，並於備註欄備註原因。 981019更新

Sheet 黃筱渝Vicky
A1: ='0'!A1 -> 育聖文理短期補習班 115年1月份出勤考核總表
A2: 職稱 | B2: 中文 姓名 | C2: 日期 | D2: 請假 | I2: 遲到 | K2: 津貼 | M2: 備註
D3: 事假 | E3: 病假 | F3: 休假 | H3: 其它 | I3: 次 | J3: 分 | K3: 單週六 | L3: 活動
D4: 時間 | E4: 時間 | F4: 補休(-) /加班、特休(+) (天) | G4: 剩餘hr | H4: 時數 | K4: 值班
A5: 助教 | B5: 黃筱渝 | D5: 時間計算 | M5: 115年1月起基本薪資196元/HR
B6: Vicky | C6: 扣勞保自付額 | H6: =E6-D6 -> 0 | L6: =-203 -> -203 | M6: 114.06.18 開始加保(115.01.23退保)
C7: 46028 | D7: 15 | E7: 21 | H7: =E7-D7 -> 6 | L7: =196*H7 -> 1176
C8: 46030 | D8: 11.5 | E8: 19.5 | H8: =E8-D8 -> 8 | L8: =196*H8 -> 1568
D9: 19.5 | E9: 21.5 | H9: =E9-D9 -> 2 | L9: =300*H9 -> 600 | M9: (300/HR)國一生物家教班學生
C10: 46034 | D10: 12 | E10: 21 | H10: =E10-D10 -> 9 | L10: =196*H10 -> 1764
C11: 46035 | D11: 15 | E11: 21 | H11: =E11-D11 -> 6 | L11: =196*H11 -> 1176
C12: 46037 | D12: 15 | E12: 19.5 | H12: =E12-D12 -> 4.5 | L12: =196*H12 -> 882
D13: 19.5 | E13: 21 | H13: =E13-D13 -> 1.5 | L13: =300*H13 -> 450 | M13: (300/HR)國一生物家教班學生
C14: 46041 | D14: 15.5 | E14: 21 | H14: =E14-D14 -> 5.5 | L14: =196*H14 -> 1078
C15: 46042 | D15: 15 | E15: 21 | H15: =E15-D15 -> 6 | L15: =196*H15 -> 1176
L16: =196*H16 -> 0
C37: 總計 | D37: 特補休 | H37: =SUM(H7:H36) -> 48.5 | L37: =SUM(L7:L36) -> 9870 | M37: 9870-203=9667
L38: 結算後 | M38: =SUM(L6:L36) -> 9667
A39: PS. 1.補休、加班及特休請於備註欄詳載情況。 2.活動請詳述發放津貼或加班休假，並於備註欄備註原因。 981019更新

Sheet 林佳琪Jin
A1: ='0'!A1:M1 -> 育聖文理短期補習班 115年1月份出勤考核總表
A2: 職稱 | B2: 中文 姓名 | C2: 日期 | D2: 請假 | I2: 遲到 | K2: 津貼 | M2: 備註
D3: 事假 | E3: 病假 | F3: 休假 | H3: 其它 | I3: 次 | J3: 分 | K3: 單週六 | L3: 活動
D4: 時間 | E4: 時間 | F4: 補休(-) /加班、特休(+) (天) | G4: 剩餘hr | H4: 時數 | K4: 值班
A5: 助教 | B5: 林佳琪 | D5: 時間計算 | M5: 115年1月起基本薪資196元/HR
B6: Jin | C6: 扣勞保自付額 | H6: =E6-D6 -> 0 | L6: =-277 -> -277 | M6: 112.08.31 開始加保
C7: 1月2日 | D7: 18.5 | E7: 21.5 | H7: =E7-D7 -> 3 | L7: =196*H7 -> 588
C8: 1月3日 | D8: 9 | E8: 16 | H8: =E8-D8 -> 7 | L8: =196*H8 -> 1372
C9: 1月5日 | D9: 17 | E9: 21 | H9: =E9-D9 -> 4 | L9: =196*H9 -> 784
C10: 1月7日 | D10: 11.5 | E10: 13 | H10: =E10-D10 -> 1.5 | L10: =196*H10 -> 294
D11: 18 | E11: 21 | H11: =E11-D11 -> 3 | L11: =196*H11 -> 588
C12: 1月10日 | D12: 9 | E12: 16 | H12: =E12-D12 -> 7 | L12: =196*H12 -> 1372
C13: 1月12日 | D13: 17 | E13: 21 | H13: =E13-D13 -> 4 | L13: =196*H13 -> 784
C14: 1月13日 | D14: 17 | E14: 21 | H14: =E14-D14 -> 4 | L14: =196*H14 -> 784
C15: 1月14日 | D15: 11.5 | E15: 13.5 | H15: =E15-D15 -> 2 | L15: =196*H15 -> 392
D16: 18 | E16: 21 | H16: =E16-D16 -> 3 | L16: =196*H16 -> 588
C17: 1月16日 | D17: 17 | E17: 21 | H17: =E17-D17 -> 4 | L17: =196*H17 -> 784
C18: 1月17日 | D18: 9 | E18: 16 | H18: =E18-D18 -> 7 | L18: =196*H18 -> 1372
C19: 1月19日 | D19: 17 | E19: 21 | H19: =E19-D19 -> 4 | L19: =196*H19 -> 784
C20: 1月20日 | D20: 17 | E20: 21 | H20: =E20-D20 -> 4 | L20: =196*H20 -> 784
C21: 1月21日 | D21: 11.5 | E21: 13.5 | H21: =E21-D21 -> 2 | L21: =196*H21 -> 392
D22: 18 | E22: 21 | H22: =E22-D22 -> 3 | L22: =196*H22 -> 588
C23: 1月23日 | D23: 17 | E23: 21 | H23: =E23-D23 -> 4 | L23: =196*H23 -> 784
C24: 1月24日 | D24: 8.5 | E24: 16 | H24: =E24-D24 -> 7.5 | L24: =196*H24 -> 1470
C25: 1月26日 | D25: 17 | E25: 21 | H25: =E25-D25 -> 4 | L25: =196*H25 -> 784
C26: 1月27日 | D26: 17 | E26: 21 | H26: =E26-D26 -> 4 | L26: =196*H26 -> 784
C27: 1月28日 | D27: 12 | E27: 13 | H27: =E27-D27 -> 1 | L27: =196*H27 -> 196
D28: 18 | E28: 21 | H28: =E28-D28 -> 3 | L28: =196*H28 -> 588
C29: 1月30日 | D29: 19 | E29: 21.5 | H29: =E29-D29 -> 2.5 | L29: =196*H29 -> 490
C30: 1月31日 | D30: 9.5 | E30: 16 | H30: =E30-D30 -> 6.5 | L30: =196*H30 -> 1274
L34: 1200 | M34: 每月喬聖安親月費key單補貼
C37: 總計 | D37: 特補休 | H37: =SUM(H7:H36) -> 95 | L37: =SUM(L7:L36) -> 19820 | M37: 19820-277=19543
L38: 結算後 | M38: =SUM(L6:L36) -> 19543
A39: PS. 1.補休、加班及特休請於備註欄詳載情況。 2.活動請詳述發放津貼或加班休假，並於備註欄備註原因。 981019更新

Sheet 董嘉恩Ian
A1: ='0'!A1:M1 -> 育聖文理短期補習班 115年1月份出勤考核總表
A2: 職稱 | B2: 中文 姓名 | C2: 日期 | D2: 請假 | I2: 遲到 | K2: 津貼 | M2: 備註
D3: 事假 | E3: 病假 | F3: 休假 | H3: 其它 | I3: 次 | J3: 分 | K3: 單週六 | L3: 活動
D4: 時間 | E4: 時間 | F4: 補休(-) /加班、特休(+) (天) | G4: 剩餘hr | H4: 時數 | K4: 值班
A5: 助教 | B5: 董嘉恩Ian | D5: 時間計算 | M5: 115年1月起基本薪資196元/HR
C6: 扣勞保自付額 | H6: =E6-D6 -> 0 | L6: -277 | M6: 114.09.08簽約加保
C7: 1月2日 | D7: 15.5 | E7: 19.5 | H7: =E7-D7 -> 4 | L7: =196*H7 -> 784
D8: 19.5 | E8: 21.5 | H8: =E8-D8 -> 2 | L8: =300*H8 -> 600 | M8: (300/HR)國一數學家教班學生
C9: 1月3日 | D9: 9 | E9: 12 | H9: =E9-D9 -> 3 | L9: =196*H9 -> 588
D10: 13 | E10: 14.5 | H10: =E10-D10 -> 1.5 | L10: =300*H10 -> 450 | M10: (300/HR)國一數學家教班學生
C11: 1月5日 | D11: 17 | E11: 21 | H11: =E11-D11 -> 4 | L11: =196*H11 -> 784
C12: 1月6日 | D12: 15.5 | E12: 20 | H12: =E12-D12 -> 4.5 | L12: =196*H12 -> 882
C13: 1月7日 | D13: 13.5 | E13: 20.5 | H13: =E13-D13 -> 7 | L13: =196*H13 -> 1372
C14: 1月8日 | D14: 15.5 | E14: 21.5 | H14: =E14-D14 -> 6 | L14: =196*H14 -> 1176
C15: 1月9日 | D15: 16.5 | E15: 19.5 | H15: =E15-D15 -> 3 | L15: =196*H15 -> 588
D16: 19.5 | E16: 21 | H16: =E16-D16 -> 1.5 | L16: =300*H16 -> 450 | M16: (300/HR)國一數學家教班學生
D17: 21 | E17: 22 | H17: =E17-D17 -> 1 | L17: =196*H17 -> 196
C18: 1月10日 | D18: 9 | E18: 14 | H18: =E18-D18 -> 5 | L18: =196*H18 -> 980
C19: 1月13日 | D19: 15.5 | E19: 20 | H19: =E19-D19 -> 4.5 | L19: =196*H19 -> 882
C20: 1月14日 | D20: 12.5 | E20: 19.5 | H20: =E20-D20 -> 7 | L20: =196*H20 -> 1372
C21: 1月15日 | D21: 15.5 | E21: 19.5 | H21: =E21-D21 -> 4 | L21: =196*H21 -> 784
D22: 19.5 | E22: 21 | H22: =E22-D22 -> 1.5 | L22: =300*H22 -> 450 | M22: (300/HR)國一數學家教班學生
C23: 1月16日 | D23: 16 | E23: 19.5 | H23: =E23-D23 -> 3.5 | L23: =196*H23 -> 686
D24: 19.5 | E24: 21 | H24: =E24-D24 -> 1.5 | L24: =300*H24 -> 450
C25: 1月21日 | D25: 14 | E25: 20 | H25: =E25-D25 -> 6 | L25: =196*H25 -> 1176
C26: 1月22日 | D26: 15.5 | E26: 19.5 | H26: =E26-D26 -> 4 | L26: =196*H26 -> 784
D27: 19.5 | E27: 21 | H27: =E27-D27 -> 1.5 | L27: =300*H27 -> 450 | M27: (300/HR)國一數學家教班學生
C28: 1月23日 | D28: 15.5 | E28: 19 | H28: =E28-D28 -> 3.5 | L28: =196*H28 -> 686
C29: 1月29日 | D29: 17 | E29: 21 | H29: =E29-D29 -> 4 | L29: =196*H29 -> 784
C30: 1月30日 | D30: 17 | E30: 21.5 | H30: =E30-D30 -> 4.5 | L30: =196*H30 -> 882
C39: 總計 | D39: 特補休 | H39: =SUM(H7:H38) -> 88 | L39: =SUM(L7:L30) -> 18236 | M39: 18236-277=17959
L40: 結算後 | M40: =SUM(L6:L38) -> 17959
A41: PS. 1.補休、加班及特休請於備註欄詳載情況。 2.活動請詳述發放津貼或加班休假，並於備註欄備註原因。 981019更新

Sheet 呂奕葳Eva
A1: ='0'!A1:M1 -> 育聖文理短期補習班 115年1月份出勤考核總表
A2: 職稱 | B2: 中文 姓名 | C2: 日期 | D2: 請假 | I2: 遲到 | K2: 津貼 | M2: 備註
D3: 事假 | E3: 病假 | F3: 休假 | H3: 其它 | I3: 次 | J3: 分 | K3: 單週六 | L3: 活動
D4: 時間 | E4: 時間 | F4: 補休(-) /加班、特休(+) (天) | G4: 剩餘hr | H4: 時數 | K4: 值班
A5: 助教 | B5: 呂奕葳 | D5: 時間計算 | M5: 115年1月起基本薪資196元/HR
B6: Eva | C6: 扣勞保自付額 | H6: =E6-D6 -> 0 | L6: -277 | M6: 1140904 開始加保
C7: 1月2日 | D7: 14 | E7: 21.5 | H7: =E7-D7 -> 7.5 | L7: =196*H7 -> 1470
C8: 1月5日 | D8: 11.5 | E8: 21 | H8: =E8-D8 -> 9.5 | L8: =196*H8 -> 1862
C9: 1月7日 | D9: 15 | E9: 21 | H9: =E9-D9 -> 6 | L9: =196*H9 -> 1176
C10: 1月8日 | D10: 15.5 | E10: 21.5 | H10: =E10-D10 -> 6 | L10: =196*H10 -> 1176
C11: 1月9日 | D11: 14.5 | E11: 22 | H11: =E11-D11 -> 7.5 | L11: =196*H11 -> 1470
C12: 1月12日 | D12: 11.5 | E12: 21 | H12: =E12-D12 -> 9.5 | L12: =196*H12 -> 1862
C13: 1月15日 | D13: 11.5 | E13: 21 | H13: =E13-D13 -> 9.5 | L13: =196*H13 -> 1862
C14: 1月19日 | D14: 11.5 | E14: 21 | H14: =E14-D14 -> 9.5 | L14: =196*H14 -> 1862
C15: 1月20日 | D15: 11.5 | E15: 21 | H15: =E15-D15 -> 9.5 | L15: =196*H15 -> 1862
C16: 1月21日 | D16: 13 | E16: 21 | H16: =E16-D16 -> 8 | L16: =196*H16 -> 1568
C17: 1月22日 | D17: 11.5 | E17: 21 | H17: =E17-D17 -> 9.5 | L17: =196*H17 -> 1862
C18: 1月26日 | D18: 9 | E18: 14 | H18: =E18-D18 -> 5 | L18: =196*H18 -> 980
D19: 18 | E19: 21 | H19: =E19-D19 -> 3 | L19: =196*H19 -> 588
C20: 1月29日 | D20: 9 | E20: 13 | H20: =E20-D20 -> 4 | L20: =196*H20 -> 784
D21: 18 | E21: 21 | H21: =E21-D21 -> 3 | L21: =196*H21 -> 588
C22: 1月30日 | D22: 11.5 | E22: 21.5 | H22: =E22-D22 -> 10 | L22: =196*H22 -> 1960
C39: 總計 | D39: 特補休 | H39: =SUM(H7:H38) -> 117 | L39: =SUM(L7:L38) -> 22932 | M39: 22932-277=22655
L40: 結算後 | M40: =SUM(L6:L38) -> 22655
A41: PS. 1.補休、加班及特休請於備註欄詳載情況。 2.活動請詳述發放津貼或加班休假，並於備註欄備註原因。 981019更新

Sheet 蔡孟凌 Vicky
A1: ='0'!A1:M1 -> 育聖文理短期補習班 115年1月份出勤考核總表
A2: 職稱 | B2: 中文 姓名 | C2: 日期 | D2: 請假 | I2: 遲到 | K2: 津貼 | M2: 備註
D3: 事假 | E3: 病假 | F3: 休假 | H3: 其它 | I3: 次 | J3: 分 | K3: 單週六 | L3: 活動
D4: 時間 | E4: 時間 | F4: 補休(-) /加班、特休(+) (天) | G4: 剩餘hr | H4: 時數 | K4: 值班
A5: 助教 | B5: 蔡孟凌 Vicky | D5: 時間計算 | M5: 115年1月起基本薪資196元/HR
C6: 扣勞保自付額 | H6: =E6-D6 -> 0 | L6: -277 | M6: 11401027 開始加保
C7: 46024 | D7: 15.5 | E7: 21 | H7: =E7-D7 -> 5.5 | L7: =196*H7 -> 1078
C8: 46027 | D8: 15.5 | E8: 18 | H8: =E8-D8 -> 2.5 | L8: =196*H8 -> 490
C9: 46028 | D9: 18 | E9: 21 | H9: =E9-D9 -> 3 | L9: =196*H9 -> 588
C10: 46029 | D10: 15 | E10: 20.5 | H10: =E10-D10 -> 5.5 | L10: =196*H10 -> 1078
C11: 46030 | D11: 20 | E11: 21 | H11: =E11-D11 -> 1 | L11: =196*H11 -> 196
C12: 46031 | D12: 15.5 | E12: 22 | H12: =E12-D12 -> 6.5 | L12: =196*H12 -> 1274
C13: 46034 | D13: 15.5 | E13: 18 | H13: =E13-D13 -> 2.5 | L13: =196*H13 -> 490
C14: 46035 | D14: 18 | E14: 21 | H14: =E14-D14 -> 3 | L14: =196*H14 -> 588
C15: 46037 | D15: 20 | E15: 21 | H15: =E15-D15 -> 1 | L15: =196*H15 -> 196
C16: 46038 | D16: 16 | E16: 21 | H16: =E16-D16 -> 5 | L16: =196*H16 -> 980
C17: 46042 | D17: 14 | E17: 19.5 | H17: =E17-D17 -> 5.5 | L17: =196*H17 -> 1078
C18: 46049 | D18: 18 | E18: 21 | H18: =E18-D18 -> 3 | L18: =196*H18 -> 588
C39: 總計 | D39: 特補休 | H39: =SUM(H7:H38) -> 44 | L39: =SUM(L7:L38) -> 8624 | M39: 8624-277=8347
L40: 結算後 | M40: =SUM(L6:L38) -> 8347
A41: PS. 1.補休、加班及特休請於備註欄詳載情況。 2.活動請詳述發放津貼或加班休假，並於備註欄備註原因。 981019更新

Sheet 李苡寧Sabrina
A1: ='0'!A1:M1 -> 育聖文理短期補習班 115年1月份出勤考核總表
A2: 職稱 | B2: 中文 姓名 | C2: 日期 | D2: 請假 | I2: 遲到 | K2: 津貼 | M2: 備註
D3: 事假 | E3: 病假 | F3: 休假 | H3: 其它 | I3: 次 | J3: 分 | K3: 單週六 | L3: 活動
D4: 時間 | E4: 時間 | F4: 補休(-) /加班、特休(+) (天) | G4: 剩餘hr | H4: 時數 | K4: 值班
A5: 助教 | B5: 李苡寧 | D5: 時間計算 | M5: 115年1月起基本薪資196元/HR
B6: Sabrina | C6: 扣勞保自付額 | H6: =E6-D6 -> 0 | L6: =-203 -> -203 | M6: 114.10.02 開始加保(115.01.23退保)
C7: 46024 | D7: 15 | E7: 17.5 | H7: =E7-D7 -> 2.5 | L7: =196*H7 -> 490
D8: 18 | E8: 21 | H8: =E8-D8 -> 3 | L8: =196*H8 -> 588
C9: 46027 | D9: 18 | E9: 19.5 | H9: =E9-D9 -> 1.5 | L9: =196*H9 -> 294
C10: 46028 | D10: 16.5 | E10: 17.5 | H10: =E10-D10 -> 1 | L10: =196*H10 -> 196
D11: 18 | E11: 21 | H11: =E11-D11 -> 3 | L11: =196*H11 -> 588
C12: 46029 | D12: 18 | E12: 19.5 | H12: =E12-D12 -> 1.5 | L12: =196*H12 -> 294
C13: 46030 | D13: 18 | E13: 19.5 | H13: =E13-D13 -> 1.5 | L13: =196*H13 -> 294
C14: 46034 | D14: 18 | E14: 19.5 | H14: =E14-D14 -> 1.5 | L14: =196*H14 -> 294
C15: 46035 | D15: 16.5 | E15: 17.5 | H15: =E15-D15 -> 1 | L15: =196*H15 -> 196
D16: 18 | E16: 21 | H16: =E16-D16 -> 3 | L16: =196*H16 -> 588
C17: 46036 | D17: 18 | E17: 19.5 | H17: =E17-D17 -> 1.5 | L17: =196*H17 -> 294
C18: 46037 | D18: 18 | E18: 19.5 | H18: =E18-D18 -> 1.5 | L18: =196*H18 -> 294
C19: 46038 | D19: 15 | E19: 17.5 | H19: =E19-D19 -> 2.5 | L19: =196*H19 -> 490
D20: 18 | E20: 21 | H20: =E21-D21 -> 1.5 | L20: =196*H20 -> 294
C21: 46041 | D21: 18 | E21: 19.5 | H21: =E21-D21 -> 1.5 | L21: =196*H21 -> 294
C22: 46042 | D22: 16.5 | E22: 17.5 | H22: =E22-D22 -> 1 | L22: =196*H22 -> 196
D23: 18 | E23: 21 | H23: =E23-D23 -> 3 | L23: =196*H23 -> 588
C24: 46043 | D24: 18 | E24: 19.5 | H24: =E24-D24 -> 1.5 | L24: =196*H24 -> 294
C25: 46044 | D25: 18 | E25: 19.5 | H25: =E25-D25 -> 1.5 | L25: =196*H25 -> 294
C26: 46045 | D26: 15.5 | E26: 17.5 | H26: =E26-D26 -> 2 | L26: =196*H26 -> 392
C39: 總計 | D39: 特補休 | H39: =SUM(H7:H38) -> 37 | L39: =SUM(L7:L38) -> 7252 | M39: 7252-203=7049
L40: 結算後 | M40: =SUM(L6:L38) -> 7049
A41: PS. 1.補休、加班及特休請於備註欄詳載情況。 2.活動請詳述發放津貼或加班休假，並於備註欄備註原因。 981019更新

Sheet 辜郁慈Tina
A1: ='0'!A1 -> 育聖文理短期補習班 115年1月份出勤考核總表
A2: 職稱 | B2: 中文 姓名 | C2: 日期 | D2: 請假 | I2: 遲到 | K2: 津貼 | M2: 備註
D3: 事假 | E3: 病假 | F3: 休假 | H3: 其它 | I3: 次 | J3: 分 | K3: 單週六 | L3: 活動
D4: 時間 | E4: 時間 | F4: 補休(-) /加班、特休(+) (天) | G4: 剩餘hr | H4: 時數 | K4: 值班
A5: 助教 | B5: 辜郁慈Tina | D5: 時間計算 | M5: 115年1月起基本薪資196元/HR
C6: 扣勞保自付額 | H6: =E6-D6 -> 0 | M6: `
C7: 46024 | D7: 11.5 | E7: 14.5 | H7: =E7-D7 -> 3 | L7: =196*H7 -> 588
C8: 46031 | D8: 11.5 | E8: 14.5 | H8: =E8-D8 -> 3 | L8: =196*H8 -> 588
C39: 總計 | D39: 特補休 | H39: =SUM(H7:H38) -> 6 | L39: =SUM(L7:L38) -> 1176
L40: 結算後 | M40: =SUM(L6:L38) -> 1176
A41: PS. 1.補休、加班及特休請於備註欄詳載情況。 2.活動請詳述發放津貼或加班休假，並於備註欄備註原因。 981019更新

Sheet 葉庭蓁Kitty
A1: ='0'!A1 -> 育聖文理短期補習班 115年1月份出勤考核總表
A2: 職稱 | B2: 中文 姓名 | C2: 日期 | D2: 請假 | I2: 遲到 | K2: 津貼 | M2: 備註
D3: 事假 | E3: 病假 | F3: 休假 | H3: 其它 | I3: 次 | J3: 分 | K3: 單週六 | L3: 活動
D4: 時間 | E4: 時間 | F4: 補休(-) /加班、特休(+) (天) | G4: 剩餘hr | H4: 時數 | K4: 值班
A5: 助教 | B5: 葉庭蓁Kitty | D5: 時間計算 | M5: 115年1月起基本薪資196元/HR
C6: 扣勞保自付額 | H6: =E6-D6 -> 0 | M6: `
C7: 46035 | D7: 17.5 | E7: 20 | H7: =E7-D7 -> 2.5 | L7: =196*H7 -> 490
C8: 46036 | D8: 18 | E8: 20 | H8: =E8-D8 -> 2 | L8: =196*H8 -> 392
C9: 46038 | D9: 18 | E9: 20 | H9: =E9-D9 -> 2 | L9: =196*H9 -> 392
C10: 46043 | D10: 16.5 | E10: 18.5 | H10: =E10-D10 -> 2 | L10: =196*H10 -> 392
C11: 46044 | D11: 16.5 | E11: 18.5 | H11: =E11-D11 -> 2 | L11: =196*H11 -> 392
C12: 46045 | D12: 16.5 | E12: 18.5 | H12: =E12-D12 -> 2 | L12: =196*H12 -> 392
C13: 46051 | D13: 10 | E13: 14 | H13: =E13-D13 -> 4 | L13: =196*H13 -> 784
C39: 總計 | D39: 特補休 | H39: =SUM(H7:H38) -> 16.5 | L39: =SUM(L7:L38) -> 3234
L40: 結算後 | M40: =SUM(L6:L38) -> 3234
A41: PS. 1.補休、加班及特休請於備註欄詳載情況。 2.活動請詳述發放津貼或加班休假，並於備註欄備註原因。 981019更新

Sheet 鳳文嫙Wendy
A1: ='0'!A1 -> 育聖文理短期補習班 115年1月份出勤考核總表
A2: 職稱 | B2: 中文 姓名 | C2: 日期 | D2: 請假 | I2: 遲到 | K2: 津貼 | M2: 備註
D3: 事假 | E3: 病假 | F3: 休假 | H3: 其它 | I3: 次 | J3: 分 | K3: 單週六 | L3: 活動
D4: 時間 | E4: 時間 | F4: 補休(-) /加班、特休(+) (天) | G4: 剩餘hr | H4: 時數 | K4: 值班
A5: 助教 | B5: 辜郁慈Tina | D5: 時間計算 | M5: 115年1月起基本薪資196元/HR
C6: 扣勞保自付額 | H6: =E6-D6 -> 0 | M6: `
C7: 46050 | D7: 10 | E7: 12 | H7: =E7-D7 -> 2 | L7: =196*H7 -> 392
C8: 46051 | D8: 16 | E8: 19 | H8: =E8-D8 -> 3 | L8: =196*H8 -> 588
C9: 46052 | D9: 10 | E9: 12 | H9: =E9-D9 -> 2 | L9: =196*H9 -> 392
C39: 總計 | D39: 特補休 | H39: =SUM(H7:H38) -> 7 | L39: =SUM(L7:L38) -> 1372
L40: 結算後 | M40: =SUM(L6:L38) -> 1372
A41: PS. 1.補休、加班及特休請於備註欄詳載情況。 2.活動請詳述發放津貼或加班休假，並於備註欄備註原因。 981019更新
